ref_X_m,ref_Y_m,ref_Z_m
-2393386.942624994,5393865.525822169,2412594.372252476
