day,file,epochs,fix_epochs,east_rms,north_rms,up_rms,horizontal_rms,h2d_mean,h2d_std,h2d_p50,h2d_p95
20260116,HKCL_20260116_ppp_results_adjusted.csv,2880,2736,0.03642974388006869,0.022932112624270577,0.06180733045271265,0.043046579754721884,0.041949818750487346,0.009655088574471624,0.04107624467366601,0.057863277123655146
20260117,HKCL_20260117_ppp_results_adjusted.csv,2880,2736,0.0400895445429363,0.026241758685693433,0.12072429446009317,0.0479145226479221,0.04537362359576529,0.015395965782244753,0.04452599756826879,0.050948662766124767
20260118,HKCL_20260118_ppp_results_adjusted.csv,2880,2592,0.03954973284604678,0.031928802294706314,0.07483189864118357,0.05082941849134332,0.044055442874113226,0.02535247004403832,0.044647245253389894,0.09159437779854616
20260119,HKCL_20260119_ppp_results_adjusted.csv,2880,2016,0.16177820299043497,0.08894184876896527,0.15240064850536122,0.18461538241776027,0.18047005523240647,0.03890242395620143,0.18776252744066294,0.24113503834606684
20260120,HKCL_20260120_ppp_results_adjusted.csv,2880,576,0.5040212031638198,0.26904170348903883,0.9030926584754927,0.5713324876593212,0.5597810296561848,0.11430665025294887,0.5318105450479935,0.7341792972950523
20260121,HKCL_20260121_ppp_results_adjusted.csv,2880,1440,0.31343342406907426,0.16359405945422217,0.4550856944734815,0.3535583793553417,0.35001474079217487,0.049932042223029445,0.3617361436753196,0.4087732755988606
20260122,HKCL_20260122_ppp_results_adjusted.csv,2880,2448,0.11894132203135113,0.06096327828073027,0.1790554383134763,0.13365462724986119,0.13239963479822855,0.01827282382652005,0.133484010164013,0.16144106549567705
